<?xml version="1.0" encoding="utf-8" ?>
<languages>
    <language name="English" id="en">
        <!-- Tab headings aka GroupName in Displayattribute for a property-->
        <groups>
            <basicelements>Basic Elements</basicelements>
            <actionelements>Action Elements</actionelements>
            <formscontainerelements>Forms</formscontainerelements>
            <retentionpolicy>Retention Policy</retentionpolicy>
        </groups>
        <episerver>
            <forms>
                <conditioncombination>
                    <all>All</all>
                    <any>Any</any>
                </conditioncombination>
                <satisfiedaction>
                    <hide>Hidden</hide>
                    <show>Shown</show>
                </satisfiedaction>
                <contenttypescomponent>
                    <title>Form Elements</title>
                    <description>Show all content types of Episerver Forms</description>
                </contenttypescomponent>
                <formscomponent>
                    <title>Forms</title>
                    <description>Manage forms for the website</description>
                    <command>
                        <create>
                            <label>New form</label>
                        </create>
                        <viewdata>
                            <label see="/episerver/forms/formdataview/name" />
                        </viewdata>
                    </command>
                    <messages>
                        <nocontent>This folder does not contain any forms.</nocontent>
                    </messages>
                </formscomponent>
                <formdataview>
                    <name>Form submissions</name>
                    <description>View form submissions</description>
                    <heading>Form submissions</heading>
                    <begindate>From date</begindate>
                    <enddate>To date</enddate>
                    <search>Search</search>
                    <nodata>There is no data</nodata>
                    <export>Export as ...</export>
                    <exportasxml>XML</exportasxml>
                    <exportasxmldesc>Export form data in XML format</exportasxmldesc>
                    <exportascsv>CSV</exportascsv>
                    <exportascsvdesc>Export form data in CSV format</exportascsvdesc>
                    <exportasjson>JSON</exportasjson>
                    <exportasjsondesc>Export form data in JSON format</exportasjsondesc>
                    <finalizedonly>Finalized Only</finalizedonly>
                    <deleteselecteditems>Delete</deleteselecteditems>
                    <exportasxlsx>XLSX</exportasxlsx>
                    <exportasxlsxdesc>Export form data in XLSX format</exportasxlsxdesc>
                    <selectalltooltip>Select All</selectalltooltip>
                    <deselectalltooltip>Deselect All</deselectalltooltip>
                    <deleteconfirmation>Do you want to delete the selected items? This action cannot be undone.</deleteconfirmation>
                    <nopostid>No post Id for deleting.</nopostid>
                    <couldnotgetassociateform>Could not get associate Form.</couldnotgetassociateform>
                    <deletesuccessful>Successfully deleted post data.</deletesuccessful>
                    <accessdenied>You do not have permission to view this data.</accessdenied>
                    <submittime>Time</submittime>
                    <submituser>By user</submituser>
                    <hostedpage>Submitted from</hostedpage>
                    <finalizedsubmission>Finalized</finalizedsubmission>
                    <selectioninfo>All &lt;b&gt;${0}&lt;/b&gt; record(s) are selected. </selectioninfo>
                    <extraselectionlink>Select all &lt;b&gt;${0}&lt;/b&gt; records</extraselectionlink>
                    <clearselectionlink>Clear selection</clearselectionlink>
                    <filterdata>Filter</filterdata>
                    <searchallcolumns>All columns</searchallcolumns>
                </formdataview>
                <formscontentarea>
                    <emptyactions>
                        <actions>
                            <createnewformselement>browse</createnewformselement>
                        </actions>
                        <template>You can drop form elements here or {createnewformselement}.</template>
                        <templatewithoutcreate>You can drop content here.</templatewithoutcreate>
                    </emptyactions>
                </formscontentarea>
                <fieldselector>
                    <title>Select dependent field</title>
                </fieldselector>
                <submissionactors>
                    <episerver.forms.implementation.actors.callwebhookaftersubmissionactor>
                        <displayname>Trigger webhook after form submission</displayname>
                    </episerver.forms.implementation.actors.callwebhookaftersubmissionactor>
                    <episerver.forms.implementation.actors.sendemailaftersubmissionactor>
                        <displayname>Send email after form submission</displayname>
                    </episerver.forms.implementation.actors.sendemailaftersubmissionactor>
                </submissionactors>
                <validators>
                    <episerver.forms.implementation.validation.requiredvalidator>
                        <displayname>Required</displayname>
                        <message>This field is required.</message>
                    </episerver.forms.implementation.validation.requiredvalidator>
                    <episerver.forms.implementation.validation.regularexpressionvalidator>
                        <displayname>Regular expression</displayname>
                        <message>This field should be in "{0}" format.</message>
                    </episerver.forms.implementation.validation.regularexpressionvalidator>
                    <episerver.forms.implementation.validation.captchavalidator>
                        <displayname>Captcha</displayname>
                        <message>Enter the characters you see in the picture.</message>
                    </episerver.forms.implementation.validation.captchavalidator>
                    <episerver.forms.implementation.validation.allowedextensionsvalidator>
                        <displayname>Allowed extensions</displayname>
                        <message>The upload file format is not allowed or not supported.</message>
                        <allowedextensionsmessage>The upload file format is not allowed or not supported. File format should be: {0}.</allowedextensionsmessage>
                    </episerver.forms.implementation.validation.allowedextensionsvalidator>
                    <episerver.forms.implementation.validation.maxfilesizevalidator>
                        <displayname>Max file size</displayname>
                        <message see="/episerver/forms/messages/fileupload/overfilesize" />
                    </episerver.forms.implementation.validation.maxfilesizevalidator>
                    <episerver.forms.implementation.validation.emailvalidator>
                        <displayname>Email</displayname>
                        <message>Enter a valid email address.</message>
                    </episerver.forms.implementation.validation.emailvalidator>
                    <episerver.forms.implementation.validation.urlvalidator>
                        <displayname>Url</displayname>
                        <message>Enter a valid URL.</message>
                    </episerver.forms.implementation.validation.urlvalidator>
                    <episerver.forms.implementation.validation.dateddmmyyyyvalidator>
                        <displayname>Date (DD/MM/YYYY)</displayname>
                        <message>Enter a date in the DD/MM/YYYY format.</message>
                    </episerver.forms.implementation.validation.dateddmmyyyyvalidator>
                    <episerver.forms.implementation.validation.datemmddyyyyvalidator>
                        <displayname>Date (MM/DD/YYYY)</displayname>
                        <message>Enter a date in the MM/DD/YYYY format.</message>
                    </episerver.forms.implementation.validation.datemmddyyyyvalidator>
                    <episerver.forms.implementation.validation.dateyyyymmddvalidator>
                        <displayname>Date (YYYY-MM-DD)</displayname>
                        <message>Enter a date in the YYYY-MM-DD format.</message>
                    </episerver.forms.implementation.validation.dateyyyymmddvalidator>
                    <episerver.forms.implementation.validation.numericvalidator>
                        <displayname>Numeric</displayname>
                        <message>Enter a valid number.</message>
                    </episerver.forms.implementation.validation.numericvalidator>
                    <episerver.forms.implementation.validation.integervalidator>
                        <displayname>Integer</displayname>
                        <message>Enter a valid integer.</message>
                    </episerver.forms.implementation.validation.integervalidator>
                    <episerver.forms.implementation.validation.positiveintegervalidator>
                        <displayname>Positive integer</displayname>
                        <message>Enter a valid positive integer.</message>
                    </episerver.forms.implementation.validation.positiveintegervalidator>
                    <elementselfvalidator>
                        <unexpectedvalueisnotaccepted>Unexpected value is not accepted.</unexpectedvalueisnotaccepted>
                    </elementselfvalidator>
                </validators>
                <visitordatasources>
                    <episerver.forms.implementation.visitordata.ipaddressvisitordatasource>
                        <displayname>IP Address</displayname>
                    </episerver.forms.implementation.visitordata.ipaddressvisitordatasource>
                    <episerver.forms.implementation.visitordata.geovisitordatasource>
                        <displayname>Geo</displayname>
                        <properties>
                            <city>City</city>
                            <country_code>Country code</country_code>
                            <country_name>Country name</country_name>
                            <ip>IP</ip>
                            <latitude>Latitude</latitude>
                            <longitude>Longitude</longitude>
                            <metro_code>Metro code</metro_code>
                            <region_code>Region code</region_code>
                            <region_name>Region name</region_name>
                            <time_zone>Time zone</time_zone>
                            <zip_code>Zip code</zip_code>
                        </properties>
                    </episerver.forms.implementation.visitordata.geovisitordatasource>
                    <episerver.forms.implementation.visitordata.profilevisitordatasource>
                        <displayname>Profile</displayname>
                        <properties>
                            <address>Address</address>
                            <zipcode>Zip code</zipcode>
                            <locality>Locality</locality>
                            <email>Email</email>
                            <firstname>First name</firstname>
                            <lastname>Last name</lastname>
                            <language>Language</language>
                            <country>Country</country>
                            <company>Company</company>
                            <title>Title</title>
                        </properties>
                    </episerver.forms.implementation.visitordata.profilevisitordatasource>
                    <episerver.forms.implementation.visitordata.useragentvisitordatasource>
                        <displayname>User agent</displayname>
                        <properties>
                            <ismobiledevice>Is mobile</ismobiledevice>
                            <useragent>User agent</useragent>
                        </properties>
                    </episerver.forms.implementation.visitordata.useragentvisitordatasource>
                    <episerver.forms.implementation.visitordata.visitorgroupvisitordatasource>
                        <displayname>Visitor groups</displayname>
                        <properties>
                            <id>Id</id>
                            <name>Name</name>
                        </properties>
                    </episerver.forms.implementation.visitordata.visitorgroupvisitordatasource>
                </visitordatasources>
                <messages>
                    <fileupload>
                        <overfilesize>The upload file size should be less than {0} MB.</overfilesize>
                        <invalidfiletype>The upload file format is not allowed or not supported.</invalidfiletype>
                        <postedfile>(Previous posted file(s): {0})</postedfile>
                    </fileupload>
                    <formsubmission>
                        <outdatedforminit>Your current session for viewing the form is expired. Refresh your page to continue.</outdatedforminit>
                        <requirelogin>You must be logged in to submit the form.</requirelogin>
                        <denymultisubmit>You already submitted this form.</denymultisubmit>
                        <submitsuccess>Submit successfully.</submitsuccess>
                        <validationfailformat>Validation failed on "{0}" field: {1}</validationfailformat>
                        <thereisnoformguid>Submit data FAILED: there is no Form's Guid.</thereisnoformguid>
                        <couldnotgetform>Submit data FAILED: could not get Form with Id = {0}.</couldnotgetform>
                        <submitcancelled>TECHNICAL INFO: Submitting process is cancelled. Reason: </submitcancelled>
                        <formisrestricted>Could not submit form. You do not have sufficient privileges.</formisrestricted>
                        <formexpired>Could not submit form. Form has been expired.</formexpired>
                        <formdeleted>Could not submit form. Form has been deleted.</formdeleted>
                        <submitnotsuccess>Failed to submit.</submitnotsuccess>
                        <requirelogin>You must be logged in to submit this form. If you are logged in and still cannot post, make sure "Do not track" in your browser settings is disabled.</requirelogin>
                        <sessionoff>You cannot submit this form because it do not allow to store data and Session State is OFF.</sessionoff>
                    </formsubmission>
                </messages>
                <dependcondition>
                    <notapplicable>Not applicable</notapplicable>
                    <matchregularexpression>Match with regular expression</matchregularexpression>
                    <equals>Equals</equals>
                    <notequals>Not equals</notequals>
                    <contains>Contains</contains>
                    <notcontains>Not contains</notcontains>
                </dependcondition>
                <imagechoiceitems>
                    <emptyactions>
                        <actions>
                            <createnewitem>Create a link to an image</createnewitem>
                        </actions>
                        <template>Drop image content here.&lt;br/&gt;You also can {createnewitem}.</template>
                    </emptyactions>
                    <menutooltip>Display menu</menutooltip>
                </imagechoiceitems>
                <editview>
                    <elementdependant>This field depends on other field(s)</elementdependant>
                    <retentionperiod>
                        <partial>partial</partial>
                        <finalized>finalized</finalized>
                        <default>Default</default>
                        <keepforsomedays>{0} days</keepforsomedays>
                        <customization>Custom (days):</customization>
                        <keepforever>Forever</keepforever>
                        <validation>
                            <errormessage>
                                <long>The {0} submission retention period field must be an integer between {1} and {2}</long>
                                <short>Input must be an integer between {0} and {1}</short>
                            </errormessage>
                        </validation>
                        <revision>
                            <warningmessage>At least {0} submission(s) are affected by your retention policy change</warningmessage>
                        </revision>
                    </retentionperiod>
                    <notconfigured>Not configured yet</notconfigured>
                    <insertplaceholder>Insert placeholder</insertplaceholder>
                    <selectanitem>Select an item</selectanitem>
                    <externalsystems>External system field mapping</externalsystems>
                    <connecteddatasource>Connect to Datasource</connecteddatasource>
                    <createemailtemplate>Create email template</createemailtemplate>
                    <editemailtemplate>Edit email template</editemailtemplate>
                    <addwebhook>Add webhook</addwebhook>
                    <editwebhook>Edit webhook</editwebhook>
                    <selectpage>Select page</selectpage>
                    <usemanualinput>Use manual input</usemanualinput>
                    <errorconditionalstepcannotcontainrequiredelement>This Form step should not depend on other elements because it contains mandatory element [{0}].</errorconditionalstepcannotcontainrequiredelement>
                    <cannotbuildformmodel>Cannot build the form. You cannot use FormContainerBlock as a property. You can render a form in a ContentArea only.</cannotbuildformmodel>
                </editview>
                <viewmode>
                    <stepnavigation>
                        <previous>Previous step</previous>
                        <next>Next step</next>
                        <page>Step</page>
                    </stepnavigation>
                    <untitled>Untitled</untitled>
                    <selection>
                        <selectanoption>-- Select an option --</selectanoption>
                        <selectoptions>-- Select options --</selectoptions>
                    </selection>
                    <reset>Reset form</reset>
                    <submit>Submit</submit>
                    <refreshcaptcha>Refresh captcha</refreshcaptcha>
                    <captchalabel>Word verification</captchalabel>
                    <malformstepconfigruation>Improperly formed FormStep configuration. Some steps are attached to pages, while some steps are not attached, or attached to content with no public URL.</malformstepconfigruation>
                    <commonvalidationfail>This element value is not valid.</commonvalidationfail>
                    <readonlymode>Read-only mode. Submitted data is not saved.</readonlymode>
                </viewmode>
                <visitordatasources>
                    <youmustselectvalueforhiddenvisitor>You must select a value for the type of visitor data you choose.</youmustselectvalueforhiddenvisitor>
                </visitordatasources>
                <contentediting>
                    <fielddependency>
                        <condition>
                            <field>Field</field>
                            <operator>Operator</operator>
                            <value>Value</value>
                        </condition>
                        <invalidcondition>The condition is no longer valid</invalidcondition>
                        <conditiondialog>
                            <title>Condition Details</title>
                        </conditiondialog>
                    </fielddependency>
                    <optionitem>
                        <caption>Choice</caption>
                        <value>Value</value>
                        <checked>Checked by default</checked>
                        <containsinvalidcharacter>Comma (,) character is not allowed.</containsinvalidcharacter>
                    </optionitem>
                    <emailtemplateactor>
                        <fromemail>From</fromemail>
                        <fromemaildescription>Email address to send from</fromemaildescription>
                        <toemails>To</toemails>
                        <toemailsdescription>Email address to send to, or name of a form field with the email address (for confirmation emails)</toemailsdescription>
                        <subject>Subject</subject>
                        <subjectdescription>Subject line for the email. You can use #FIELDNAME# to insert values from the form.</subjectdescription>
                        <body>Message</body>
                        <bodydescription>The body of the email. You can insert values from the form with #FIELDNAME#, or show a summary listing of the form fields with #SUMMARY.</bodydescription>
                        <fromemailplaceholder>someone@example.com</fromemailplaceholder>
                        <toemailsplaceholder>address@example.com,...</toemailsplaceholder>
                        <subjectplaceholder>Enter email subject</subjectplaceholder>
                    </emailtemplateactor>
                    <webhookactor>
                        <url>Webhook URL</url>
                        <urldescription>Webhook URL to send data payload to (http or https protocol).</urldescription>
                        <jsonformat>POST data in JSON format</jsonformat>
                    </webhookactor>
                    <validation>
                        <circulardependency>Circular dependency configuration is not allowed</circulardependency>
                        <greaterthanequaltoerrorformat>The {0} must be &gt;= {1}'s value.</greaterthanequaltoerrorformat>
                        <lessthanequaltoerrorformat>The {0} must be &lt;= {1}'s value.</lessthanequaltoerrorformat>
                        <inrangeerrorformat>"{0}" is not a valid value for {1}. Only number is allowed and {1} must be in range of [{2} - {3}]'s value.</inrangeerrorformat>
                        <stepinrangeerrorformat>The {0} must be &gt;= 1 and &lt;= {2} - {1} value.</stepinrangeerrorformat>
                        <positiveinteger>Only a positive number is allowed.</positiveinteger>
                    </validation>
                </contentediting>
                <admin>
                    <databasejob>
                        <expiredformsubmissionremovejob>
                            <description>
                                This job will delete all expired Form Submission data. The expiration of Form Submission data is defined in the form properties, retention policy. In addition, all submissions of forms that are no longer available are also deleted as well.
                            </description>
                            <displayname>Form Submissions Cleanup</displayname>
                            <returnmessage>{0} expired submission(s) deleted. {1} submission(s) of removed form deleted.</returnmessage>
                        </expiredformsubmissionremovejob>
                    </databasejob>
                </admin>
            </forms>
        </episerver>
        <contentrepositories>
            <formscontenttypes>
                <customselecttitle>Forms content type</customselecttitle>
                <name>Forms content types</name>
            </formscontenttypes>
            <forms>
                <customselecttitle>Form</customselecttitle>
                <name>Forms</name>
            </forms>
        </contentrepositories>
        <contenttypes>
            <icontentdata>
                <properties>
                    <satisfiedaction>
                        <caption>This field will be</caption>
                        <help>Action will be taken when dependency condition is met</help>
                    </satisfiedaction>
                    <conditioncombination>
                        <caption>if</caption>
                        <help>Combination of conditional logic</help>
                    </conditioncombination>
                    <conditions>
                        <caption>of the following conditions are satisfied</caption>
                        <help>List of dependencies on which the element depends</help>
                    </conditions>
                    <!--InputElementBlockBase-->
                    <validators>
                        <caption>Validators</caption>
                        <help>Validators for this element</help>
                    </validators>
                    <!--LabeledElementBlockBase-->
                    <label>
                        <caption>Label text</caption>
                        <help>The label next to each HTML input tag.</help>
                    </label>
                    <placeholder>
                        <caption>Placeholder text</caption>
                        <help>Enter the text you want to display in the field as a prompt to the user. The text prompt is not recorded in data, and is replaced by user input.</help>
                    </placeholder>
                    <predefinedvalue>
                        <caption>Predefined value</caption>
                        <help>Enter a value to display and record as the default text in the text box. The visitor's entry overwrites this text. If you have both Placeholder text and Predefined value specified, the Predefined value appears in the text box.</help>
                    </predefinedvalue>
                    <!--SelectionElementBlockBase-->
                    <allowmultiselect>
                        <caption>Allow multiple choices</caption>
                        <help>Allow multiple choices</help>
                    </allowmultiselect>
                    <feed>
                        <caption>Choices</caption>
                        <help>Select feed source for the item</help>
                    </feed>
                    <items>
                        <caption>Items</caption>
                    </items>
                </properties>
            </icontentdata>
            <blockbase>
                <create>New form element</create>
                <newitemdefaultname>New form element</newitemdefaultname>
                <properties>
                    <!--BlockBase-->
                    <description>
                        <caption>Tooltip</caption>
                        <help>Displays as a tooltip or help text of an element.</help>
                    </description>
                </properties>
            </blockbase>
            <formcontainerblock>
                <name>Form container</name>
                <description></description>
                <newitemdefaultname>New form container</newitemdefaultname>
                <forthis>For this form</forthis>
                <properties>
                    <partialsubmissionretentionperiod>
                        <caption>Keep Partial submission data for:</caption>
                    </partialsubmissionretentionperiod>
                    <finalizedsubmissionretentionperiod>
                        <caption>Keep Finalized submission data for:</caption>
                    </finalizedsubmissionretentionperiod>
                    <title>
                        <caption>Form title</caption>
                    </title>
                    <description>
                        <caption>Description</caption>
                        <help>Displays as a description under form title.</help>
                    </description>
                    <elementsarea>
                        <caption>Form elements</caption>
                    </elementsarea>
                    <allowanonymoussubmission>
                        <caption>Allow anonymous submissions</caption>
                        <help> Let an anonymous visitor submit a form.</help>
                    </allowanonymoussubmission>
                    <allowmultiplesubmission>
                        <caption>Allow multiple submissions from the same IP/cookie</caption>
                        <help>Allow multiple submissions from the same IP/cookie.</help>
                    </allowmultiplesubmission>
                    <allowexposingdatafeeds>
                        <caption>Allow access to form data through the service API</caption>
                        <help>Enable to let a developer (or other app) get form submission data by using the Forms Service API.</help>
                    </allowexposingdatafeeds>
                    <shownavigationbar>
                        <caption>Show navigation bar if the form has multiple steps</caption>
                        <help>Show the navigation bar in each form step.</help>
                    </shownavigationbar>
                    <showsummarizeddata>
                        <caption>Show a summary confirmation message after submission</caption>
                        <help>Confirm summarized data before sending the data to storage.</help>
                    </showsummarizeddata>
                    <confirmationmessage>
                        <caption>Confirmation message</caption>
                        <help>Message displays before submission of the form.</help>
                    </confirmationmessage>
                    <redirecttopage>
                        <caption>Display page after submission</caption>
                        <help>Select a page to show after form submission.</help>
                    </redirecttopage>
                    <submitsuccessmessage>
                        <caption>Display message after form submission (not displayed if redirecting)</caption>
                        <help>Enter a message to show after form submission, and only if \"Redirect to page\" has no value.</help>
                    </submitsuccessmessage>
                    <allowtostoresubmissiondata>
                        <caption>Store form submissions</caption>
                        <help>Store form submissions in the Episerver database.</help>
                    </allowtostoresubmissiondata>
                    <callwebhookaftersubmissionactor>
                        <caption see="/episerver/forms/submissionactors/episerver.forms.implementation.actors.callwebhookaftersubmissionactor/displayname"/>
                    </callwebhookaftersubmissionactor>
                    <sendemailaftersubmissionactor>
                        <caption see="/episerver/forms/submissionactors/episerver.forms.implementation.actors.sendemailaftersubmissionactor/displayname"/>
                    </sendemailaftersubmissionactor>
                    <metadataattribute>
                        <caption>Metadata</caption>
                        <help>Add metadata attribute to form element.</help>
                    </metadataattribute>
                </properties>
            </formcontainerblock>
            <selectionelementblock>
                <name>Selection</name>
                <description></description>
                <newitemdefaultname>New selection</newitemdefaultname>
                <properties>
                    <description>
                        <caption see="/contenttypes/blockbase/properties/description/caption" />
                        <help see="/contenttypes/blockbase/properties/description/help" />
                    </description>
                </properties>
            </selectionelementblock>
            <imagechoiceelementblock>
                <name>Image choice</name>
                <description></description>
                <newitemdefaultname>New image choice</newitemdefaultname>
                <properties>
                    <description>
                        <caption see="/contenttypes/blockbase/properties/description/caption" />
                        <help see="/contenttypes/blockbase/properties/description/help" />
                    </description>
                    <showselectioninputcontrol>
                        <caption>Show the check box or radio button</caption>
                    </showselectioninputcontrol>
                    <items>
                        <caption>Image choices</caption>
                        <help>Collection of images</help>
                    </items>
                </properties>
            </imagechoiceelementblock>
            <textareaelementblock>
                <name>Text area</name>
                <description></description>
                <newitemdefaultname>New text area</newitemdefaultname>
                <properties>
                    <description>
                        <caption see="/contenttypes/blockbase/properties/description/caption" />
                        <help see="/contenttypes/blockbase/properties/description/help" />
                    </description>
                </properties>
            </textareaelementblock>
            <choiceelementblock>
                <name>Multiple or single choice</name>
                <description></description>
                <newitemdefaultname>New multiple or single choice</newitemdefaultname>
                <properties>
                    <description>
                        <caption see="/contenttypes/blockbase/properties/description/caption" />
                        <help see="/contenttypes/blockbase/properties/description/help" />
                    </description>
                </properties>
            </choiceelementblock>
            <captchaelementblock>
                <name>Captcha</name>
                <description></description>
                <newitemdefaultname>New captcha</newitemdefaultname>
                <properties>
                    <description>
                        <caption see="/contenttypes/blockbase/properties/description/caption" />
                        <help see="/contenttypes/blockbase/properties/description/help" />
                    </description>
                    <imagewidth>
                        <caption>Image width</caption>
                    </imagewidth>
                    <imageheight>
                        <caption>Image height</caption>
                    </imageheight>
                    <textlength>
                        <caption>Text length</caption>
                    </textlength>
                </properties>
                <captchaimagealt>An error has occurred while getting captcha image</captchaimagealt>
            </captchaelementblock>
            <fileuploadelementblock>
                <name>File upload</name>
                <description></description>
                <newitemdefaultname>New file upload</newitemdefaultname>
                <properties>
                    <description>
                        <caption see="/contenttypes/blockbase/properties/description/caption" />
                        <help see="/contenttypes/blockbase/properties/description/help" />
                    </description>
                    <filesize>
                        <caption>Max file size (in MB)</caption>
                        <help>Maximum file size allowed (in MB). Default is 4MB. To allow files larger than 4MB, modify ASP.NET requestLimits.maxAllowedContentLength in web.config.</help>
                    </filesize>
                    <filetypes>
                        <caption>Allowed extensions (jpg, png, pdf, ...)</caption>
                        <help>Enter comma-separated file extensions, such as "jpg, png, pdf" and so on.</help>
                    </filetypes>
                    <allowmultiple>
                        <caption>Allow multiple files</caption>
                        <help>Allow multiple files to be uploaded.</help>
                    </allowmultiple>
                </properties>
            </fileuploadelementblock>
            <textboxelementblock>
                <name>Text</name>
                <description></description>
                <newitemdefaultname>New text</newitemdefaultname>
                <properties>
                    <description>
                        <caption see="/contenttypes/blockbase/properties/description/caption" />
                        <help see="/contenttypes/blockbase/properties/description/help" />
                    </description>
                </properties>
            </textboxelementblock>
            <predefinedhiddenelementblock>
                <name>Hidden predefined value</name>
                <description>Name or code submitted form data to distinguish the data from other data internally. For example, Fall-campaign, Summer-sale, and so on.</description>
                <newitemdefaultname>New hidden predefined value</newitemdefaultname>
            </predefinedhiddenelementblock>
            <numberelementblock>
                <name>Number</name>
                <description>Input to a number in the field, such as for a Quantity of items to purchase.</description>
                <newitemdefaultname>New number</newitemdefaultname>
                <properties>
                    <description>
                        <caption see="/contenttypes/blockbase/properties/description/caption" />
                        <help see="/contenttypes/blockbase/properties/description/help" />
                    </description>
                </properties>
            </numberelementblock>
            <visitordatahiddenelementblock>
                <name>Hidden visitor profiling</name>
                <description>Specify the type of data about the visitor (such as geography, profile, user agent, or visitor group) that you want to collect.</description>
                <newitemdefaultname>New hidden visitor profiling</newitemdefaultname>
                <properties>
                    <visitordatasources>
                        <caption>Auto-collect visitor data</caption>
                        <help>Select the type of data you want to collect from a visitor.</help>
                    </visitordatasources>
                </properties>
            </visitordatahiddenelementblock>
            <feedhiddenelementblock>
                <name>Hidden feed value</name>
                <description></description>
                <newitemdefaultname>New hidden feed value</newitemdefaultname>
                <properties>
                    <value>
                        <caption>Value</caption>
                        <help>Select the value of the field.</help>
                    </value>
                </properties>
            </feedhiddenelementblock>
            <resetbuttonelementblock>
                <name>Reset button</name>
                <description>Clear the contents of a form.</description>
                <newitemdefaultname>New Reset button</newitemdefaultname>
                <properties>
                    <description>
                        <caption see="/contenttypes/blockbase/properties/description/caption" />
                        <help see="/contenttypes/blockbase/properties/description/help" />
                    </description>
                </properties>
            </resetbuttonelementblock>
            <submitbuttonelementblock>
                <name>Submit button</name>
                <description>Send form data to the Episerver database.</description>
                <newitemdefaultname>New Submit button</newitemdefaultname>
                <properties>
                    <description>
                        <caption see="/contenttypes/blockbase/properties/description/caption" />
                        <help see="/contenttypes/blockbase/properties/description/help" />
                    </description>
                    <finalizeform>
                        <caption>Finalize form</caption>
                        <help>Finalize the form</help>
                    </finalizeform>
                    <redirecttopage>
                        <caption>Display page after submission</caption>
                        <help>Select a page to show after form submission.</help>
                    </redirecttopage>
                    <image>
                        <caption>Image</caption>
                        <help>Choose image to display for the button.</help>
                    </image>
                </properties>
            </submitbuttonelementblock>
            <formstepblock>
                <name>Form step</name>
                <description>Separates a form into steps.</description>
                <newitemdefaultname>New form step</newitemdefaultname>
                <properties>
                    <label>
                        <caption>Step title</caption>
                        <help>The heading title of this form step.</help>
                    </label>
                    <description>
                        <caption>Description</caption>
                        <help>Displays as a description under step title.</help>
                    </description>
                    <attachedcontentlink>
                        <caption>Display step in other content</caption>
                        <help>The content in which you display this step must contain the form.</help>
                    </attachedcontentlink>
                    <dependfield>
                        <caption>Only display if field</caption>
                        <help>The form field must match the following condition for this step to be shown.</help>
                    </dependfield>
                    <dependcondition>
                        <caption>value ...</caption>
                        <help>The depend condition</help>
                    </dependcondition>
                    <dependvalue>
                        <caption>the following value</caption>
                        <help>The depend field value.</help>
                    </dependvalue>
                </properties>
            </formstepblock>
            <paragraphtextelementblock>
                <name>Rich text (with placeholders)</name>
                <description></description>
                <newitemdefaultname>New Rich text (with placeholders)</newitemdefaultname>
                <properties>
                    <description>
                        <caption see="/contenttypes/blockbase/properties/description/caption" />
                        <help see="/contenttypes/blockbase/properties/description/help" />
                    </description>
                    <paragraphtext>
                        <caption>Text</caption>
                        <help>Show text with selected placeholders</help>
                    </paragraphtext>
                </properties>
            </paragraphtextelementblock>
            <urlelementblock>
                <name>Url</name>
                <description>Specify a URL to submit with form data.</description>
                <newitemdefaultname>New Url</newitemdefaultname>
                <properties>
                    <description>
                        <caption see="/contenttypes/blockbase/properties/description/caption" />
                        <help see="/contenttypes/blockbase/properties/description/help" />
                    </description>
                </properties>
            </urlelementblock>
            <rangeelementblock>
                <name>Range</name>
                <description>Let a visitor specify a range value within Min and Max parameters. Default is 0 to 10.</description>
                <newitemdefaultname>New Range</newitemdefaultname>
                <properties>
                    <description>
                        <caption see="/contenttypes/blockbase/properties/description/caption" />
                        <help see="/contenttypes/blockbase/properties/description/help" />
                    </description>
                    <predefinedvalue>
                        <help>A value (between Min and Max values) for initial placement of the slider button.</help>
                    </predefinedvalue>
                </properties>
            </rangeelementblock>
        </contenttypes>
    </language>
</languages>
